{
    "planck_bao_pantheonplus_shoes": {
        "log_evidence": -2400.99155170665,
        "best_chi2": 2708.0482590338
    }
}